<?xml version="1.0" encoding="UTF-8"?>
<ti:module xmlns:ti="http://ti.appcelerator.org" xmlns:android="http://schemas.android.com/apk/res/android">
  <!--
    Similar to tiapp.xml, but contains module/platform specific
    configuration in <iphone>, <android>, and <mobileweb> sections
  -->
  <iphone>
  </iphone>
  <android xmlns:android="http://schemas.android.com/apk/res/android">
    <manifest>
      <uses-permission android:name="android.permission.GET_TASKS" />
      <uses-permission android:name="android.permission.INTERNET" />
      <uses-permission android:name="android.permission.ACCESS_WIFI_STATE" />
      <uses-permission android:name="android.permission.ACCESS_NETWORK_STATE" />
      <uses-permission android:name="android.permission.CHANGE_WIFI_STATE" />
      <uses-permission android:name="android.permission.WRITE_EXTERNAL_STORAGE" />
      <uses-permission android:name="android.permission.READ_PHONE_STATE" />
      <uses-permission android:name="android.permission.MANAGE_ACCOUNTS"/>
      <uses-permission android:name="android.permission.GET_ACCOUNTS"/>
      <application>
        <activity
          android:name="cn.sharesdk.framework.ShareSDKUIShell"
          android:theme="@android:style/Theme.Translucent.NoTitleBar"
          android:configChanges="keyboardHidden|orientation|screenSize"
          android:screenOrientation="portrait"
          android:windowSoftInputMode="stateHidden|adjustResize" >
          <intent-filter>
            <data android:scheme="tencent100371282" />
            <action android:name="android.intent.action.VIEW" />
            <category android:name="android.intent.category.BROWSABLE" />
            <category android:name="android.intent.category.DEFAULT" />
          </intent-filter>
        </activity>

        <activity
          android:name=".wxapi.WXEntryActivity"
          android:exported="true"
           android:configChanges="keyboardHidden|orientation|screenSize"
          android:screenOrientation="portrait"
          android:theme="@android:style/Theme.Translucent.NoTitleBar" />
<!--
        <activity
          android:name=".wxapi.WXEntryActivity"
          android:theme="@android:style/Theme.Translucent.NoTitleBar"
          android:configChanges="keyboardHidden|orientation|screenSize"
          android:exported="true"
          android:screenOrientation="portrait" />
-->
          </application>
        </manifest>
      </android>
      <mobileweb>
      </mobileweb>
    </ti:module>
